<copybook filename="cbl2xml_Test111.cbl"><item display-length="173" level="01" name="Ams-Vendor" position="1" storage-length="173"><item display-length="3" level="03" name="Brand" picture="x(3)" position="1" storage-length="3"/><item display-length="41" level="03" name="Location-details" position="4" storage-length="41"><item display-length="4" level="05" name="Location-Number" numeric="true" picture="9(4)" position="4" storage-length="4"/><item display-length="2" level="05" name="Location-Type" picture="XX" position="8" storage-length="2"/><item display-length="35" level="05" name="Location-Name" picture="X(35)" position="10" storage-length="35"/></item><item display-length="128" level="03" name="Address-Details" position="45" storage-length="128"><item display-length="115" level="05" name="actual-address" position="45" storage-length="115"><item display-length="40" level="10" name="Address-line" occurs="2" picture="X(40)" position="45" storage-length="40"/><item display-length="35" level="10" name="Address-3" picture="X(35)" position="125" storage-length="35"/></item><item display-length="4" level="05" name="Postcode" numeric="true" picture="9(4)" position="160" storage-length="4"/><item display-length="6" level="05" name="Empty" picture="x(6)" position="164" storage-length="6"/><item display-length="3" level="05" name="State" picture="XXX" position="170" storage-length="3"/></item><item display-length="1" level="03" name="Location-Active" picture="X" position="173" storage-length="1"/></item></copybook>