<?xml version="1.0" encoding="UTF-8"?>
<copybook filename="x2.cbl" dialect="Mainframe" cb2xml-format="2017">
    <item             level="01" name="Vendor"                           position="1"   storage-length="173" display-length="173">
        <item         level="03" name="Brand"            picture="x(3)"  position="1"   storage-length="3"   display-length="3"/>
        <item         level="03" name="Location-details"                 position="4"   storage-length="41"  display-length="41">
            <item     level="05" name="Location-Number"  picture="9(4)"  position="4"   storage-length="4"   display-length="4" numeric="COBOL_NUMERIC"/>
            <item     level="05" name="Location-Type"    picture="XX"    position="8"   storage-length="2"   display-length="2"/>
            <item     level="05" name="Location-Name"    picture="X(35)" position="10"  storage-length="35"  display-length="35"/>
        </item>                                                                         
        <item         level="03" name="Address-Details"                  position="45"  storage-length="128" display-length="128">
            <item     level="05" name="actual-address"                   position="45"  storage-length="115" display-length="115">
                <item level="10" name="Address-1"       picture="X(40)"  position="45"  storage-length="40"  display-length="40"/>
                <item level="10" name="Address-2"       picture="X(40)"  position="85"  storage-length="40"  display-length="40"/>
                <item level="10" name="Address-3"       picture="X(35)"  position="125" storage-length="35"  display-length="35"/>
            </item>
            <item     level="05" name="Postcode"        picture="9(4)"   position="160" storage-length="4"   display-length="4" numeric="COBOL_NUMERIC"/>
            <item     level="05" name="Empty"           picture="x(6)"   position="164" storage-length="6"   display-length="6"/>
            <item     level="05" name="State"           picture="XXX"    position="170" storage-length="3"   display-length="3"/>
        </item>                                                            
        <item level="03" name="Location-Active" picture="X"              position="173" storage-length="1" display-length="1"/>
    </item>
</copybook>